{"cameraMode":{"drawMode":0,"name":"Shaded","section":"Shading Mode"},"sceneLighting":false,"audioPlay":false,"sceneViewState":{"m_AlwaysRefresh":false,"showFog":true,"showSkybox":false,"showFlares":true,"showImageEffects":true,"showParticleSystems":true,"showVisualEffectGraphs":true,"m_FxEnabled":true},"in2DMode":false,"pivot":{"x":0.15327167510986329,"y":1.126034140586853,"z":-0.3422882556915283},"rotation":{"x":-0.007709064520895481,"y":0.8924357295036316,"z":0.014247474260628224,"w":0.4512448012828827},"size":1.5500102043151856,"orthographic":false}