{"cameraMode":{"drawMode":0,"name":"Shaded","section":"Shading Mode"},"sceneLighting":false,"audioPlay":false,"sceneViewState":{"m_AlwaysRefresh":false,"showFog":true,"showSkybox":false,"showFlares":true,"showImageEffects":true,"showParticleSystems":true,"showVisualEffectGraphs":true,"m_FxEnabled":true},"in2DMode":false,"pivot":{"x":0.5018517971038818,"y":1.0449631214141846,"z":0.31738996505737307},"rotation":{"x":0.12874586880207063,"y":0.7193582653999329,"z":-0.1393008530139923,"w":0.6684823632240295},"size":4.889268398284912,"orthographic":false}