{"cameraMode":{"drawMode":0,"name":"Shaded","section":"Shading Mode"},"sceneLighting":false,"audioPlay":false,"sceneViewState":{"m_AlwaysRefresh":false,"showFog":true,"showSkybox":false,"showFlares":true,"showImageEffects":true,"showParticleSystems":true,"showVisualEffectGraphs":true,"m_FxEnabled":true},"in2DMode":false,"pivot":{"x":13.764501571655274,"y":12.882251739501954,"z":-9.717876434326172},"rotation":{"x":0.032462168484926227,"y":-0.9352352619171143,"z":0.08894277364015579,"w":0.34161368012428286},"size":10.735636711120606,"orthographic":true}