{"cameraMode":{"drawMode":0,"name":"Shaded","section":"Shading Mode"},"sceneLighting":false,"audioPlay":false,"sceneViewState":{"m_AlwaysRefresh":false,"showFog":true,"showSkybox":false,"showFlares":true,"showImageEffects":true,"showParticleSystems":true,"showVisualEffectGraphs":true,"m_FxEnabled":true},"in2DMode":false,"pivot":{"x":0.23477894067764283,"y":-0.21038281917572022,"z":-0.2569594383239746},"rotation":{"x":0.08553630113601685,"y":0.9099428057670593,"z":-0.23557262122631074,"w":0.33060377836227419},"size":0.8582369685173035,"orthographic":false}