{"cameraMode":{"drawMode":0,"name":"Shaded","section":"Shading Mode"},"sceneLighting":false,"audioPlay":false,"sceneViewState":{"m_AlwaysRefresh":false,"showFog":true,"showSkybox":false,"showFlares":true,"showImageEffects":true,"showParticleSystems":true,"showVisualEffectGraphs":true,"m_FxEnabled":true},"in2DMode":false,"pivot":{"x":0.005395233631134033,"y":1.9757654666900635,"z":0.13059663772583009},"rotation":{"x":0.020607616752386094,"y":-0.14218184351921082,"z":0.002879122272133827,"w":0.9896829128265381},"size":1.9759175777435303,"orthographic":false}