{"cameraMode":{"drawMode":0,"name":"Shaded","section":"Shading Mode"},"sceneLighting":false,"audioPlay":false,"sceneViewState":{"m_AlwaysRefresh":false,"showFog":true,"showSkybox":false,"showFlares":true,"showImageEffects":true,"showParticleSystems":true,"showVisualEffectGraphs":true,"m_FxEnabled":true},"in2DMode":false,"pivot":{"x":-0.016218900680541993,"y":0.10013709962368012,"z":-0.04925405979156494},"rotation":{"x":0.06642469018697739,"y":0.09992709755897522,"z":-0.006706184707581997,"w":0.9928206205368042},"size":0.2450605034828186,"orthographic":false}