{"cameraMode":{"drawMode":0,"name":"Shaded","section":"Shading Mode"},"sceneLighting":false,"audioPlay":false,"sceneViewState":{"m_AlwaysRefresh":false,"showFog":true,"showSkybox":false,"showFlares":true,"showImageEffects":true,"showParticleSystems":true,"showVisualEffectGraphs":true,"m_FxEnabled":true},"in2DMode":false,"pivot":{"x":0.0018820762634277344,"y":-0.006386756896972656,"z":14.753633499145508},"rotation":{"x":0.08926278352737427,"y":0.852049708366394,"z":-0.15557415783405305,"w":0.49210312962532046},"size":20.857818603515626,"orthographic":false}