{"cameraMode":{"drawMode":0,"name":"Shaded","section":"Shading Mode"},"sceneLighting":false,"audioPlay":false,"sceneViewState":{"m_AlwaysRefresh":false,"showFog":true,"showSkybox":false,"showFlares":true,"showImageEffects":true,"showParticleSystems":true,"showVisualEffectGraphs":true,"m_FxEnabled":true},"in2DMode":false,"pivot":{"x":-1.3116979598999024,"y":4.946770191192627,"z":-2.6368603706359865},"rotation":{"x":0.0015142287593334914,"y":0.9155933856964111,"z":-0.004588098265230656,"w":0.4024827480316162},"size":6.744150161743164,"orthographic":false}