{"cameraMode":{"drawMode":0,"name":"Shaded","section":"Shading Mode"},"sceneLighting":false,"audioPlay":false,"sceneViewState":{"m_AlwaysRefresh":false,"showFog":true,"showSkybox":false,"showFlares":true,"showImageEffects":true,"showParticleSystems":true,"showVisualEffectGraphs":true,"m_FxEnabled":true},"in2DMode":false,"pivot":{"x":0.019936203956604005,"y":0.7909910678863525,"z":0.01296699047088623},"rotation":{"x":0.20202705264091493,"y":0.06000503525137901,"z":-0.012424138374626637,"w":0.9775057435035706},"size":1.5180584192276,"orthographic":false}