{"cameraMode":{"drawMode":0,"name":"Shaded","section":"Shading Mode"},"sceneLighting":false,"audioPlay":false,"sceneViewState":{"m_AlwaysRefresh":false,"showFog":true,"showSkybox":false,"showFlares":true,"showImageEffects":true,"showParticleSystems":true,"showVisualEffectGraphs":true,"m_FxEnabled":true},"in2DMode":false,"pivot":{"x":-0.07406672835350037,"y":1.3945536613464356,"z":4.463138580322266},"rotation":{"x":0.009546616114675999,"y":-0.9889106154441834,"z":0.1300964057445526,"w":0.07191284745931626},"size":-0.2608042359352112,"orthographic":false}