{"cameraMode":{"drawMode":0,"name":"Shaded","section":"Shading Mode"},"sceneLighting":false,"audioPlay":false,"sceneViewState":{"m_AlwaysRefresh":false,"showFog":true,"showSkybox":false,"showFlares":true,"showImageEffects":true,"showParticleSystems":true,"showVisualEffectGraphs":true,"m_FxEnabled":true},"in2DMode":false,"pivot":{"x":0.49192070960998537,"y":0.7293927669525147,"z":-0.4423229694366455},"rotation":{"x":0.10901530086994171,"y":0.8540545701980591,"z":-0.20005425810813905,"w":0.4679853916168213},"size":2.3760149478912355,"orthographic":false}