{"cameraMode":{"drawMode":0,"name":"Shaded","section":"Shading Mode"},"sceneLighting":false,"audioPlay":false,"sceneViewState":{"m_AlwaysRefresh":false,"showFog":true,"showSkybox":false,"showFlares":true,"showImageEffects":true,"showParticleSystems":true,"showVisualEffectGraphs":true,"m_FxEnabled":true},"in2DMode":false,"pivot":{"x":0.17004334926605225,"y":0.2724412679672241,"z":0.06703203916549683},"rotation":{"x":0.02838982082903385,"y":0.8769997358322144,"z":-0.053180526942014697,"w":0.477035790681839},"size":1.2000174522399903,"orthographic":false}