{"cameraMode":{"drawMode":0,"name":"Shaded","section":"Shading Mode"},"sceneLighting":false,"audioPlay":false,"sceneViewState":{"m_AlwaysRefresh":false,"showFog":true,"showSkybox":false,"showFlares":true,"showImageEffects":true,"showParticleSystems":true,"showVisualEffectGraphs":true,"m_FxEnabled":true},"in2DMode":false,"pivot":{"x":-2.6469268798828127,"y":2.0339584350585939,"z":6.743197917938232},"rotation":{"x":-0.008476728573441506,"y":-0.9893152713775635,"z":0.1301915943622589,"w":-0.06850578635931015},"size":0.2594466805458069,"orthographic":false}