{"cameraMode":{"drawMode":0,"name":"Shaded","section":"Shading Mode"},"sceneLighting":false,"audioPlay":false,"sceneViewState":{"m_AlwaysRefresh":false,"showFog":true,"showSkybox":false,"showFlares":true,"showImageEffects":true,"showParticleSystems":true,"showVisualEffectGraphs":true,"m_FxEnabled":true},"in2DMode":false,"pivot":{"x":2.5199999809265138,"y":0.8891024589538574,"z":-4.470348358154297e-8},"rotation":{"x":0.08737631142139435,"y":-0.9024537205696106,"z":0.36128073930740359,"w":0.21804934740066529},"size":0.9566057324409485,"orthographic":false}