{"cameraMode":{"drawMode":0,"name":"Shaded","section":"Shading Mode"},"sceneLighting":false,"audioPlay":false,"sceneViewState":{"m_AlwaysRefresh":false,"showFog":true,"showSkybox":false,"showFlares":true,"showImageEffects":true,"showParticleSystems":true,"showVisualEffectGraphs":true,"m_FxEnabled":true},"in2DMode":false,"pivot":{"x":-0.2830960750579834,"y":-0.22530895471572877,"z":-1.2768199443817139},"rotation":{"x":0.12177714705467224,"y":0.7982394695281982,"z":-0.17320464551448823,"w":0.5641890168190002},"size":2.9750046730041506,"orthographic":false}