{"cameraMode":{"drawMode":0,"name":"Shaded","section":"Shading Mode"},"sceneLighting":false,"audioPlay":false,"sceneViewState":{"m_AlwaysRefresh":false,"showFog":true,"showSkybox":false,"showFlares":true,"showImageEffects":true,"showParticleSystems":true,"showVisualEffectGraphs":true,"m_FxEnabled":true},"in2DMode":false,"pivot":{"x":4.400700569152832,"y":0.927601158618927,"z":1.2720283269882203},"rotation":{"x":0.11643315851688385,"y":-0.11532194912433624,"z":0.012398475781083107,"w":0.9868029356002808},"size":3.3000221252441408,"orthographic":false}