{"cameraMode":{"drawMode":0,"name":"Shaded","section":"Shading Mode"},"sceneLighting":false,"audioPlay":false,"sceneViewState":{"m_AlwaysRefresh":false,"showFog":true,"showSkybox":false,"showFlares":true,"showImageEffects":true,"showParticleSystems":true,"showVisualEffectGraphs":true,"m_FxEnabled":true},"in2DMode":false,"pivot":{"x":0.26717376708984377,"y":0.8257747888565064,"z":-0.8893489837646484},"rotation":{"x":0.12874586880207063,"y":0.7193582653999329,"z":-0.1393008530139923,"w":0.6684823632240295},"size":2.1000173091888429,"orthographic":false}