{"cameraMode":{"drawMode":0,"name":"Shaded","section":"Shading Mode"},"sceneLighting":false,"audioPlay":false,"sceneViewState":{"m_AlwaysRefresh":false,"showFog":true,"showSkybox":false,"showFlares":true,"showImageEffects":true,"showParticleSystems":true,"showVisualEffectGraphs":true,"m_FxEnabled":true},"in2DMode":false,"pivot":{"x":-5.004070281982422,"y":3.1906776428222658,"z":5.0659637451171879},"rotation":{"x":0.03931755572557449,"y":0.9341817498207092,"z":-0.11025954782962799,"w":0.3375301659107208},"size":4.0239033699035648,"orthographic":false}